state,numcol,yieldpercol,totalprod,stocks,priceperlb,prodvalue,year
AL,16000.0,71,1136000.0,159000.0,0.72,818000.0,1998
AZ,55000.0,60,3300000.0,1485000.0,0.64,2112000.0,1998
AR,53000.0,65,3445000.0,1688000.0,0.59,2033000.0,1998
CA,450000.0,83,37350000.0,12326000.0,0.62,23157000.0,1998
CO,27000.0,72,1944000.0,1594000.0,0.7,1361000.0,1998
FL,230000.0,98,22540000.0,4508000.0,0.64,14426000.0,1998
GA,75000.0,56,4200000.0,307000.0,0.69,2898000.0,1998
HI,8000.0,118,944000.0,66000.0,0.77,727000.0,1998
ID,120000.0,50,6000000.0,2220000.0,0.65,3900000.0,1998
IL,9000.0,71,639000.0,204000.0,1.19,760000.0,1998
IN,9000.0,92,828000.0,489000.0,0.85,704000.0,1998
IA,50000.0,78,3900000.0,2301000.0,0.7,2730000.0,1998
KS,16000.0,46,736000.0,390000.0,0.87,640000.0,1998
KY,3000.0,50,150000.0,51000.0,1.4,210000.0,1998
LA,41000.0,111,4551000.0,865000.0,0.59,2685000.0,1998
ME,10000.0,26,260000.0,117000.0,0.69,179000.0,1998
MD,7000.0,44,308000.0,92000.0,1.1,339000.0,1998
MI,80000.0,85,6800000.0,3672000.0,0.66,4488000.0,1998
MN,140000.0,79,11060000.0,2765000.0,0.65,7189000.0,1998
MS,18000.0,86,1548000.0,898000.0,0.58,898000.0,1998
MO,23000.0,66,1518000.0,455000.0,0.76,1154000.0,1998
MT,115000.0,122,14030000.0,5472000.0,0.64,8979000.0,1998
NE,64000.0,70,4480000.0,2240000.0,0.86,3853000.0,1998
NV,10000.0,46,460000.0,175000.0,1.65,759000.0,1998
NJ,11000.0,49,539000.0,167000.0,0.76,410000.0,1998
NM,14000.0,55,770000.0,470000.0,0.76,585000.0,1998
NY,65000.0,80,5200000.0,2444000.0,0.7,3640000.0,1998
NC,8000.0,59,472000.0,151000.0,1.38,651000.0,1998
ND,230000.0,128,29440000.0,8832000.0,0.63,18547000.0,1998
OH,18000.0,78,1404000.0,702000.0,0.83,1165000.0,1998
OK,4000.0,51,204000.0,63000.0,1.24,253000.0,1998
OR,50000.0,45,2250000.0,1620000.0,0.9,2025000.0,1998
PA,26000.0,66,1716000.0,789000.0,0.8,1373000.0,1998
SD,225000.0,95,21375000.0,10901000.0,0.64,13680000.0,1998
TN,7000.0,64,448000.0,121000.0,1.32,591000.0,1998
TX,91000.0,77,7007000.0,1612000.0,0.62,4344000.0,1998
UT,30000.0,58,1740000.0,557000.0,0.65,1131000.0,1998
VT,6000.0,64,384000.0,207000.0,0.85,326000.0,1998
VA,8000.0,37,296000.0,86000.0,1.33,394000.0,1998
WA,58000.0,51,2958000.0,1361000.0,0.64,1893000.0,1998
WV,6000.0,55,330000.0,155000.0,1.14,376000.0,1998
WI,89000.0,91,8099000.0,5264000.0,0.72,5831000.0,1998
WY,46000.0,60,2760000.0,524000.0,0.68,1877000.0,1998
AL,17000.0,68,1156000.0,185000.0,0.56,647000.0,1999
AZ,52000.0,62,3224000.0,1548000.0,0.62,1999000.0,1999
AR,52000.0,89,4628000.0,2592000.0,0.53,2453000.0,1999
CA,465000.0,60,27900000.0,9486000.0,0.55,15345000.0,1999
CO,27000.0,76,2052000.0,1436000.0,0.68,1395000.0,1999
FL,228000.0,102,23256000.0,4186000.0,0.53,12326000.0,1999
GA,65000.0,51,3315000.0,497000.0,0.64,2122000.0,1999
HI,8000.0,80,640000.0,32000.0,0.8,512000.0,1999
ID,120000.0,48,5760000.0,3110000.0,0.59,3398000.0,1999
IL,9000.0,66,594000.0,327000.0,1.15,683000.0,1999
IN,10000.0,81,810000.0,437000.0,0.9,729000.0,1999
IA,40000.0,65,2600000.0,2028000.0,0.65,1690000.0,1999
KS,13000.0,67,871000.0,854000.0,1.11,967000.0,1999
KY,3000.0,50,150000.0,12000.0,1.24,186000.0,1999
LA,48000.0,114,5472000.0,821000.0,0.49,2681000.0,1999
ME,14000.0,22,308000.0,89000.0,0.83,256000.0,1999
MD,6000.0,46,276000.0,50000.0,1.64,453000.0,1999
MI,73000.0,85,6205000.0,3475000.0,0.66,4095000.0,1999
MN,145000.0,82,11890000.0,3210000.0,0.61,7253000.0,1999
MS,18000.0,73,1314000.0,591000.0,0.54,710000.0,1999
MO,24000.0,65,1560000.0,437000.0,0.68,1061000.0,1999
MT,122000.0,70,8540000.0,2135000.0,0.6,5124000.0,1999
NE,58000.0,77,4466000.0,1965000.0,0.61,2724000.0,1999
NV,9000.0,45,405000.0,271000.0,1.54,624000.0,1999
NJ,10000.0,44,440000.0,154000.0,0.57,251000.0,1999
NM,15000.0,52,780000.0,476000.0,0.77,601000.0,1999
NY,69000.0,70,4830000.0,2077000.0,0.66,3188000.0,1999
NC,9000.0,46,414000.0,104000.0,1.62,671000.0,1999
ND,255000.0,105,26775000.0,8836000.0,0.59,15797000.0,1999
OH,20000.0,74,1480000.0,784000.0,0.72,1066000.0,1999
OK,6000.0,45,270000.0,49000.0,1.34,362000.0,1999
OR,45000.0,57,2565000.0,2026000.0,0.8,2052000.0,1999
PA,28000.0,60,1680000.0,790000.0,0.76,1277000.0,1999
SD,224000.0,104,23296000.0,13046000.0,0.6,13978000.0,1999
TN,8000.0,51,408000.0,106000.0,1.3,530000.0,1999
TX,108000.0,81,8748000.0,2799000.0,0.64,5599000.0,1999
UT,26000.0,45,1170000.0,433000.0,0.68,796000.0,1999
VT,6000.0,66,396000.0,222000.0,0.63,249000.0,1999
VA,7000.0,35,245000.0,86000.0,1.17,287000.0,1999
WA,52000.0,50,2600000.0,1170000.0,0.6,1560000.0,1999
WV,6000.0,39,234000.0,152000.0,1.09,255000.0,1999
WI,80000.0,75,6000000.0,4560000.0,0.68,4080000.0,1999
WY,37000.0,72,2664000.0,746000.0,0.61,1625000.0,1999
AL,16000.0,78,1248000.0,187000.0,0.59,736000.0,2000
AZ,40000.0,59,2360000.0,1322000.0,0.73,1723000.0,2000
AR,52000.0,93,4836000.0,3337000.0,0.57,2757000.0,2000
CA,440000.0,70,30800000.0,11396000.0,0.59,18172000.0,2000
CO,29000.0,60,1740000.0,957000.0,0.62,1079000.0,2000
FL,232000.0,105,24360000.0,2923000.0,0.54,13154000.0,2000
GA,55000.0,57,3135000.0,376000.0,0.63,1975000.0,2000
HI,7000.0,112,784000.0,125000.0,0.82,643000.0,2000
ID,100000.0,47,4700000.0,2679000.0,0.52,2444000.0,2000
IL,8000.0,61,488000.0,146000.0,1.17,571000.0,2000
IN,8000.0,65,520000.0,286000.0,1.03,536000.0,2000
IA,30000.0,67,2010000.0,1206000.0,0.68,1367000.0,2000
KS,15000.0,68,1020000.0,520000.0,0.91,928000.0,2000
KY,4000.0,48,192000.0,54000.0,1.35,259000.0,2000
LA,43000.0,94,4042000.0,1334000.0,0.52,2102000.0,2000
ME,11000.0,21,231000.0,143000.0,0.75,173000.0,2000
MD,6000.0,46,276000.0,52000.0,1.14,315000.0,2000
MI,72000.0,75,5400000.0,2970000.0,0.6,3240000.0,2000
MN,150000.0,90,13500000.0,3105000.0,0.57,7695000.0,2000
MS,17000.0,72,1224000.0,649000.0,0.69,845000.0,2000
MO,23000.0,75,1725000.0,362000.0,0.6,1035000.0,2000
MT,124000.0,88,10912000.0,4692000.0,0.59,6438000.0,2000
NE,50000.0,87,4350000.0,2610000.0,0.59,2567000.0,2000
NV,10000.0,35,350000.0,95000.0,1.45,508000.0,2000
NJ,11000.0,35,385000.0,200000.0,0.61,235000.0,2000
NM,15000.0,64,960000.0,739000.0,0.72,691000.0,2000
NY,58000.0,80,4640000.0,2274000.0,0.55,2552000.0,2000
NC,11000.0,49,539000.0,243000.0,1.43,771000.0,2000
ND,300000.0,115,34500000.0,13800000.0,0.57,19665000.0,2000
OH,18000.0,65,1170000.0,585000.0,0.79,924000.0,2000
OK,7000.0,35,245000.0,64000.0,1.26,309000.0,2000
OR,48000.0,51,2448000.0,1665000.0,0.66,1616000.0,2000
PA,25000.0,45,1125000.0,630000.0,0.76,855000.0,2000
SD,235000.0,121,28435000.0,12796000.0,0.58,16492000.0,2000
TN,9000.0,61,549000.0,104000.0,1.43,785000.0,2000
TX,105000.0,79,8295000.0,2986000.0,0.57,4728000.0,2000
UT,24000.0,41,984000.0,462000.0,0.6,590000.0,2000
VT,7000.0,59,413000.0,211000.0,0.68,281000.0,2000
VA,7000.0,42,294000.0,103000.0,1.5,441000.0,2000
WA,52000.0,54,2808000.0,1151000.0,0.58,1629000.0,2000
WV,7000.0,54,378000.0,234000.0,1.22,461000.0,2000
WI,84000.0,90,7560000.0,4385000.0,0.68,5141000.0,2000
WY,39000.0,93,3627000.0,798000.0,0.59,2140000.0,2000
AL,14000.0,73,1022000.0,235000.0,0.72,736000.0,2001
AZ,43000.0,59,2537000.0,1142000.0,0.72,1827000.0,2001
AR,50000.0,98,4900000.0,1617000.0,0.65,3185000.0,2001
CA,460000.0,61,28060000.0,7857000.0,0.69,19361000.0,2001
CO,26000.0,55,1430000.0,529000.0,0.71,1015000.0,2001
FL,220000.0,100,22000000.0,3432000.0,0.64,14080000.0,2001
GA,55000.0,57,3135000.0,188000.0,0.7,2195000.0,2001
HI,8000.0,87,696000.0,84000.0,0.87,606000.0,2001
ID,100000.0,46,4600000.0,1610000.0,0.67,3082000.0,2001
IL,6000.0,76,456000.0,251000.0,1.58,720000.0,2001
IN,7000.0,76,532000.0,186000.0,0.92,489000.0,2001
IA,33000.0,51,1683000.0,875000.0,0.75,1262000.0,2001
KS,13000.0,51,663000.0,530000.0,0.96,636000.0,2001
KY,4000.0,78,312000.0,125000.0,1.41,440000.0,2001
LA,45000.0,106,4770000.0,572000.0,0.6,2862000.0,2001
ME,11000.0,20,220000.0,106000.0,0.79,174000.0,2001
MD,4000.0,46,184000.0,55000.0,1.6,294000.0,2001
MI,76000.0,60,4560000.0,2827000.0,0.81,3694000.0,2001
MN,135000.0,81,10935000.0,1859000.0,0.65,7108000.0,2001
MS,17000.0,66,1122000.0,224000.0,0.89,999000.0,2001
MO,22000.0,61,1342000.0,336000.0,0.71,953000.0,2001
MT,136000.0,102,13872000.0,4578000.0,0.67,9294000.0,2001
NE,43000.0,48,2064000.0,1115000.0,0.72,1486000.0,2001
NV,9000.0,50,450000.0,36000.0,2.14,963000.0,2001
NJ,11000.0,34,374000.0,71000.0,0.85,318000.0,2001
NM,10000.0,70,700000.0,350000.0,0.66,462000.0,2001
NY,53000.0,70,3710000.0,1781000.0,0.79,2931000.0,2001
NC,13000.0,44,572000.0,172000.0,1.48,847000.0,2001
ND,280000.0,96,26880000.0,9408000.0,0.69,18547000.0,2001
OH,18000.0,81,1458000.0,569000.0,1.01,1473000.0,2001
OK,4000.0,47,188000.0,105000.0,1.43,269000.0,2001
OR,44000.0,44,1936000.0,1200000.0,0.74,1433000.0,2001
PA,26000.0,57,1482000.0,785000.0,0.92,1363000.0,2001
SC,7000.0,40,280000.0,67000.0,0.79,221000.0,2001
SD,235000.0,65,15275000.0,12220000.0,0.71,10845000.0,2001
TN,8000.0,59,472000.0,131000.0,1.39,656000.0,2001
TX,97000.0,79,7663000.0,1533000.0,0.65,4981000.0,2001
UT,23000.0,38,874000.0,315000.0,0.65,568000.0,2001
VT,7000.0,81,567000.0,249000.0,0.92,522000.0,2001
VA,9000.0,52,468000.0,94000.0,1.26,590000.0,2001
WA,48000.0,52,2496000.0,1048000.0,0.72,1797000.0,2001
WV,7000.0,65,455000.0,410000.0,1.42,646000.0,2001
WI,67000.0,81,5427000.0,3419000.0,0.82,4450000.0,2001
WY,38000.0,77,2926000.0,468000.0,0.65,1902000.0,2001
AL,12000.0,86,1032000.0,103000.0,1.18,1218000.0,2002
AZ,38000.0,63,2394000.0,1197000.0,1.08,2586000.0,2002
AR,45000.0,88,3960000.0,871000.0,1.26,4990000.0,2002
CA,470000.0,50,23500000.0,3525000.0,1.32,31020000.0,2002
CO,24000.0,60,1440000.0,576000.0,1.29,1858000.0,2002
FL,220000.0,93,20460000.0,2026000.0,1.14,23324000.0,2002
GA,50000.0,52,2600000.0,52000.0,1.13,2938000.0,2002
HI,7000.0,136,952000.0,29000.0,1.11,1057000.0,2002
ID,100000.0,57,5700000.0,1653000.0,1.37,7809000.0,2002
IL,9000.0,80,720000.0,130000.0,1.47,1058000.0,2002
IN,8000.0,62,496000.0,233000.0,1.19,590000.0,2002
IA,33000.0,70,2310000.0,901000.0,1.43,3303000.0,2002
KS,17000.0,52,884000.0,407000.0,1.5,1326000.0,2002
KY,5000.0,54,270000.0,78000.0,1.63,440000.0,2002
LA,35000.0,124,4340000.0,347000.0,1.16,5034000.0,2002
ME,11000.0,41,451000.0,266000.0,1.21,546000.0,2002
MD,3000.0,46,138000.0,21000.0,1.96,270000.0,2002
MI,72000.0,77,5544000.0,1885000.0,1.4,7762000.0,2002
MN,117000.0,73,8541000.0,1110000.0,1.47,12555000.0,2002
MS,18000.0,78,1404000.0,281000.0,1.23,1727000.0,2002
MO,18000.0,50,900000.0,189000.0,1.42,1278000.0,2002
MT,134000.0,63,8442000.0,1097000.0,1.38,11650000.0,2002
NE,43000.0,75,3225000.0,1161000.0,1.49,4805000.0,2002
NV,9000.0,62,558000.0,61000.0,2.67,1490000.0,2002
NJ,11000.0,40,440000.0,92000.0,1.0,440000.0,2002
NM,11000.0,44,484000.0,252000.0,1.1,532000.0,2002
NY,60000.0,98,5880000.0,2470000.0,1.25,7350000.0,2002
NC,16000.0,42,672000.0,74000.0,1.41,948000.0,2002
ND,320000.0,75,24000000.0,8160000.0,1.46,35040000.0,2002
OH,18000.0,70,1260000.0,504000.0,1.44,1814000.0,2002
OK,3000.0,53,159000.0,51000.0,1.63,259000.0,2002
OR,43000.0,49,2107000.0,885000.0,1.35,2844000.0,2002
PA,29000.0,57,1653000.0,827000.0,1.34,2215000.0,2002
SC,5000.0,94,470000.0,14000.0,1.25,588000.0,2002
SD,225000.0,51,11475000.0,2410000.0,1.42,16295000.0,2002
TN,8000.0,61,488000.0,137000.0,1.4,683000.0,2002
TX,114000.0,67,7638000.0,985000.0,1.14,8707000.0,2002
UT,22000.0,59,1298000.0,208000.0,1.3,1687000.0,2002
VT,7000.0,89,623000.0,274000.0,1.2,748000.0,2002
VA,8000.0,38,304000.0,79000.0,1.9,578000.0,2002
WA,50000.0,51,2550000.0,561000.0,1.27,3239000.0,2002
WV,9000.0,51,459000.0,151000.0,1.32,606000.0,2002
WI,70000.0,95,6650000.0,2461000.0,1.34,8911000.0,2002
WY,38000.0,63,2394000.0,383000.0,1.33,3184000.0,2002
AL,13000.0,82,1066000.0,43000.0,1.24,1322000.0,2003
AZ,35000.0,72,2520000.0,983000.0,1.34,3377000.0,2003
AR,40000.0,75,3000000.0,810000.0,1.26,3780000.0,2003
CA,480000.0,67,32160000.0,6432000.0,1.39,44702000.0,2003
CO,24000.0,86,2064000.0,722000.0,1.4,2890000.0,2003
FL,210000.0,71,14910000.0,1491000.0,1.32,19681000.0,2003
GA,52000.0,65,3380000.0,270000.0,1.28,4326000.0,2003
HI,7000.0,114,798000.0,43000.0,1.45,1157000.0,2003
ID,100000.0,46,4600000.0,1380000.0,1.33,6118000.0,2003
IL,7000.0,60,420000.0,252000.0,1.83,769000.0,2003
IN,5000.0,56,280000.0,78000.0,1.66,465000.0,2003
IA,32000.0,59,1888000.0,868000.0,1.42,2681000.0,2003
KS,16000.0,57,912000.0,447000.0,1.41,1286000.0,2003
KY,5000.0,48,240000.0,14000.0,1.67,401000.0,2003
LA,34000.0,90,3060000.0,275000.0,1.24,3794000.0,2003
ME,8000.0,33,264000.0,145000.0,1.41,372000.0,2003
MD,2000.0,42,84000.0,21000.0,1.93,162000.0,2003
MI,65000.0,74,4810000.0,1732000.0,1.41,6782000.0,2003
MN,120000.0,83,9960000.0,1892000.0,1.44,14342000.0,2003
MS,21000.0,69,1449000.0,246000.0,1.29,1869000.0,2003
MO,17000.0,53,901000.0,189000.0,1.41,1270000.0,2003
MT,145000.0,66,9570000.0,1914000.0,1.44,13781000.0,2003
NE,45000.0,74,3330000.0,1299000.0,1.38,4595000.0,2003
NV,6000.0,64,384000.0,46000.0,2.04,783000.0,2003
NJ,10000.0,19,190000.0,101000.0,1.6,304000.0,2003
NM,6000.0,41,246000.0,108000.0,1.2,295000.0,2003
NY,67000.0,72,4824000.0,1640000.0,1.36,6561000.0,2003
NC,10000.0,44,440000.0,79000.0,1.92,845000.0,2003
ND,340000.0,87,29580000.0,6803000.0,1.36,40229000.0,2003
OH,15000.0,50,750000.0,278000.0,1.4,1050000.0,2003
OK,3000.0,47,141000.0,69000.0,1.84,259000.0,2003
OR,42000.0,51,2142000.0,964000.0,1.27,2720000.0,2003
PA,27000.0,50,1350000.0,419000.0,1.44,1944000.0,2003
SC,4000.0,70,280000.0,8000.0,1.89,529000.0,2003
SD,215000.0,70,15050000.0,2709000.0,1.43,21522000.0,2003
TN,6000.0,40,240000.0,46000.0,1.52,365000.0,2003
TX,140000.0,67,9380000.0,1126000.0,1.4,13132000.0,2003
UT,25000.0,57,1425000.0,157000.0,1.28,1824000.0,2003
VT,7000.0,83,581000.0,163000.0,1.96,1139000.0,2003
VA,6000.0,37,222000.0,69000.0,1.68,373000.0,2003
WA,58000.0,56,3248000.0,942000.0,1.46,4742000.0,2003
WV,8000.0,47,376000.0,194000.0,1.89,711000.0,2003
WI,74000.0,77,5698000.0,2678000.0,1.47,8376000.0,2003
WY,39000.0,81,3159000.0,474000.0,1.41,4454000.0,2003
AL,12000.0,87,1044000.0,282000.0,1.41,1472000.0,2004
AZ,32000.0,55,1760000.0,774000.0,1.11,1954000.0,2004
AR,40000.0,57,2280000.0,388000.0,0.87,1984000.0,2004
CA,390000.0,45,17550000.0,5792000.0,1.05,18428000.0,2004
CO,23000.0,80,1840000.0,791000.0,1.35,2484000.0,2004
FL,205000.0,98,20090000.0,2009000.0,1.02,20492000.0,2004
GA,63000.0,49,3087000.0,648000.0,1.2,3704000.0,2004
HI,8000.0,96,768000.0,77000.0,1.59,1221000.0,2004
ID,100000.0,63,6300000.0,2520000.0,1.02,6426000.0,2004
IL,7000.0,55,385000.0,193000.0,1.86,716000.0,2004
IN,7000.0,59,413000.0,145000.0,1.47,607000.0,2004
IA,35000.0,67,2345000.0,1337000.0,1.06,2486000.0,2004
KS,14000.0,80,1120000.0,683000.0,1.18,1322000.0,2004
KY,5000.0,56,280000.0,34000.0,1.96,549000.0,2004
LA,35000.0,98,3430000.0,240000.0,0.79,2710000.0,2004
ME,7000.0,31,217000.0,37000.0,1.28,278000.0,2004
MI,65000.0,67,4355000.0,2439000.0,1.16,5052000.0,2004
MN,135000.0,75,10125000.0,1924000.0,1.08,10935000.0,2004
MS,18000.0,65,1170000.0,421000.0,0.79,924000.0,2004
MO,16000.0,41,656000.0,151000.0,1.36,892000.0,2004
MT,140000.0,77,10780000.0,3773000.0,1.08,11642000.0,2004
NE,51000.0,89,4539000.0,2043000.0,1.01,4584000.0,2004
NV,14000.0,55,770000.0,316000.0,1.78,1371000.0,2004
NJ,12000.0,27,324000.0,45000.0,1.4,454000.0,2004
NM,8000.0,44,352000.0,127000.0,1.19,419000.0,2004
NY,64000.0,67,4288000.0,1887000.0,1.36,5832000.0,2004
NC,9000.0,40,360000.0,72000.0,1.93,695000.0,2004
ND,390000.0,78,30420000.0,9126000.0,1.05,31941000.0,2004
OH,16000.0,58,928000.0,353000.0,1.53,1420000.0,2004
OR,42000.0,54,2268000.0,1111000.0,1.21,2744000.0,2004
PA,30000.0,54,1620000.0,810000.0,1.42,2300000.0,2004
SD,215000.0,105,22575000.0,13545000.0,1.01,22801000.0,2004
TN,6000.0,54,324000.0,91000.0,1.73,561000.0,2004
TX,116000.0,76,8816000.0,1411000.0,0.97,8552000.0,2004
UT,24000.0,70,1680000.0,554000.0,1.1,1848000.0,2004
VT,6000.0,68,408000.0,192000.0,1.51,616000.0,2004
VA,7000.0,38,266000.0,69000.0,2.1,559000.0,2004
WA,56000.0,63,3528000.0,1376000.0,0.98,3457000.0,2004
WV,9000.0,55,495000.0,183000.0,1.41,698000.0,2004
WI,68000.0,86,5848000.0,2632000.0,1.19,6959000.0,2004
WY,39000.0,75,2925000.0,380000.0,1.1,3218000.0,2004
AL,13000.0,66,858000.0,266000.0,1.02,875000.0,2005
AZ,36000.0,50,1800000.0,720000.0,1.04,1872000.0,2005
AR,36000.0,69,2484000.0,571000.0,0.97,2409000.0,2005
CA,400000.0,75,30000000.0,9300000.0,0.86,25800000.0,2005
CO,28000.0,70,1960000.0,902000.0,0.97,1901000.0,2005
FL,160000.0,86,13760000.0,2477000.0,0.87,11971000.0,2005
GA,59000.0,49,2891000.0,434000.0,0.89,2573000.0,2005
HI,9000.0,131,1179000.0,283000.0,1.43,1686000.0,2005
ID,95000.0,37,3515000.0,1793000.0,0.8,2812000.0,2005
IL,8000.0,85,680000.0,408000.0,1.84,1251000.0,2005
IN,8000.0,64,512000.0,189000.0,1.18,604000.0,2005
IA,28000.0,88,2464000.0,1232000.0,1.21,2981000.0,2005
KS,16000.0,50,800000.0,328000.0,1.05,840000.0,2005
KY,5000.0,50,250000.0,40000.0,2.08,520000.0,2005
LA,35000.0,97,3395000.0,611000.0,0.72,2444000.0,2005
ME,8000.0,26,208000.0,193000.0,1.66,345000.0,2005
MI,65000.0,68,4420000.0,2519000.0,0.94,4155000.0,2005
MN,120000.0,74,8880000.0,1598000.0,0.9,7992000.0,2005
MS,16000.0,80,1280000.0,346000.0,0.67,858000.0,2005
MO,15000.0,50,750000.0,180000.0,1.22,915000.0,2005
MT,130000.0,67,8710000.0,3136000.0,0.86,7491000.0,2005
NE,40000.0,68,2720000.0,2530000.0,0.87,2366000.0,2005
NV,12000.0,46,552000.0,442000.0,3.11,1717000.0,2005
NJ,12000.0,32,384000.0,104000.0,1.2,461000.0,2005
NM,7000.0,49,343000.0,113000.0,1.03,353000.0,2005
NY,59000.0,73,4307000.0,2283000.0,1.34,5771000.0,2005
NC,10000.0,54,540000.0,146000.0,1.88,1015000.0,2005
ND,370000.0,91,33670000.0,8418000.0,0.83,27946000.0,2005
OH,15000.0,69,1035000.0,580000.0,1.4,1449000.0,2005
OR,39000.0,42,1638000.0,557000.0,1.08,1769000.0,2005
PA,28000.0,56,1568000.0,800000.0,1.12,1756000.0,2005
SD,220000.0,79,17380000.0,11818000.0,0.83,14425000.0,2005
TN,7000.0,55,385000.0,92000.0,1.67,643000.0,2005
TX,84000.0,71,5964000.0,954000.0,0.86,5129000.0,2005
UT,24000.0,45,1080000.0,346000.0,0.95,1026000.0,2005
VT,6000.0,91,546000.0,169000.0,1.12,612000.0,2005
VA,8000.0,37,296000.0,59000.0,2.2,651000.0,2005
WA,51000.0,55,2805000.0,1935000.0,1.01,2833000.0,2005
WV,8000.0,51,408000.0,102000.0,1.29,526000.0,2005
WI,64000.0,83,5312000.0,2922000.0,1.14,6056000.0,2005
WY,40000.0,56,2240000.0,291000.0,0.89,1994000.0,2005
AL,11000.0,72,792000.0,230000.0,1.21,958000.0,2006
AZ,30000.0,65,1950000.0,839000.0,0.91,1775000.0,2006
AR,32000.0,76,2432000.0,730000.0,0.89,2164000.0,2006
CA,380000.0,52,19760000.0,7706000.0,0.97,19167000.0,2006
CO,36000.0,75,2700000.0,1458000.0,1.04,2808000.0,2006
FL,170000.0,81,13770000.0,1790000.0,1.0,13770000.0,2006
GA,63000.0,74,4662000.0,746000.0,1.2,5594000.0,2006
HI,10000.0,93,930000.0,233000.0,1.21,1125000.0,2006
ID,95000.0,44,4180000.0,2592000.0,0.97,4055000.0,2006
IL,10000.0,66,660000.0,356000.0,2.14,1412000.0,2006
IN,7000.0,54,378000.0,125000.0,1.58,597000.0,2006
IA,26000.0,84,2184000.0,1441000.0,1.37,2992000.0,2006
KS,14000.0,55,770000.0,246000.0,1.17,901000.0,2006
KY,5000.0,56,280000.0,70000.0,2.19,613000.0,2006
LA,30000.0,90,2700000.0,675000.0,0.9,2430000.0,2006
ME,11000.0,23,253000.0,86000.0,1.6,405000.0,2006
MI,72000.0,55,3960000.0,2099000.0,1.15,4554000.0,2006
MN,125000.0,80,10000000.0,3300000.0,0.94,9400000.0,2006
MS,14000.0,98,1372000.0,453000.0,0.93,1276000.0,2006
MO,15000.0,46,690000.0,117000.0,0.98,676000.0,2006
MT,132000.0,79,10428000.0,1981000.0,0.95,9907000.0,2006
NE,47000.0,73,3431000.0,3843000.0,0.93,3191000.0,2006
NV,9000.0,37,333000.0,50000.0,3.62,1205000.0,2006
NJ,9000.0,36,324000.0,152000.0,1.14,369000.0,2006
NM,7000.0,48,336000.0,104000.0,1.19,400000.0,2006
NY,58000.0,64,3712000.0,2376000.0,1.3,4826000.0,2006
NC,10000.0,50,500000.0,215000.0,1.57,785000.0,2006
ND,350000.0,74,25900000.0,7770000.0,0.91,23569000.0,2006
OH,14000.0,56,784000.0,282000.0,1.4,1098000.0,2006
OR,46000.0,48,2208000.0,729000.0,1.05,2318000.0,2006
PA,28000.0,40,1120000.0,605000.0,1.63,1826000.0,2006
SD,225000.0,47,10575000.0,10575000.0,0.94,9941000.0,2006
TN,7000.0,55,385000.0,58000.0,1.84,708000.0,2006
TX,82000.0,70,5740000.0,976000.0,0.89,5109000.0,2006
UT,26000.0,50,1300000.0,299000.0,0.98,1274000.0,2006
VT,6000.0,56,336000.0,144000.0,1.2,403000.0,2006
VA,8000.0,42,336000.0,114000.0,2.2,739000.0,2006
WA,49000.0,52,2548000.0,1605000.0,1.24,3160000.0,2006
WV,6000.0,42,252000.0,68000.0,2.02,509000.0,2006
WI,64000.0,93,5952000.0,2500000.0,1.12,6666000.0,2006
WY,39000.0,85,3315000.0,497000.0,0.98,3249000.0,2006
AL,11000.0,56,616000.0,209000.0,1.49,918000.0,2007
AZ,30000.0,64,1920000.0,902000.0,1.26,2419000.0,2007
AR,28000.0,80,2240000.0,672000.0,0.95,2128000.0,2007
CA,340000.0,40,13600000.0,3672000.0,1.04,14144000.0,2007
CO,31000.0,51,1581000.0,838000.0,1.15,1818000.0,2007
FL,160000.0,71,11360000.0,1363000.0,0.99,11246000.0,2007
GA,60000.0,58,3480000.0,522000.0,1.19,4141000.0,2007
HI,10000.0,92,920000.0,285000.0,1.7,1564000.0,2007
ID,92000.0,41,3772000.0,1848000.0,1.15,4338000.0,2007
IL,9000.0,63,567000.0,374000.0,2.49,1412000.0,2007
IN,8000.0,53,424000.0,119000.0,1.5,636000.0,2007
IA,26000.0,81,2106000.0,1221000.0,1.31,2759000.0,2007
KS,14000.0,40,560000.0,196000.0,1.18,661000.0,2007
KY,4000.0,61,244000.0,54000.0,2.12,517000.0,2007
LA,29000.0,89,2581000.0,413000.0,1.08,2787000.0,2007
ME,9000.0,26,234000.0,59000.0,1.32,309000.0,2007
MI,72000.0,64,4608000.0,2350000.0,1.19,5484000.0,2007
MN,130000.0,68,8840000.0,2564000.0,1.04,9194000.0,2007
MS,15000.0,92,1380000.0,166000.0,0.91,1256000.0,2007
MO,14000.0,46,644000.0,148000.0,1.12,721000.0,2007
MT,135000.0,68,9180000.0,2479000.0,0.99,9088000.0,2007
NE,45000.0,49,2205000.0,1477000.0,1.03,2271000.0,2007
NV,10000.0,28,280000.0,67000.0,2.99,837000.0,2007
NJ,9000.0,57,513000.0,185000.0,1.96,1005000.0,2007
NM,6000.0,59,354000.0,138000.0,1.42,503000.0,2007
NY,53000.0,57,3021000.0,1843000.0,1.38,4169000.0,2007
NC,12000.0,45,540000.0,76000.0,2.49,1345000.0,2007
ND,420000.0,74,31080000.0,9013000.0,0.96,29837000.0,2007
OH,14000.0,61,854000.0,376000.0,1.77,1512000.0,2007
OR,46000.0,43,1978000.0,1088000.0,1.31,2591000.0,2007
PA,25000.0,42,1050000.0,326000.0,1.7,1785000.0,2007
SD,255000.0,52,13260000.0,10608000.0,1.02,13525000.0,2007
TN,7000.0,65,455000.0,114000.0,1.99,905000.0,2007
TX,105000.0,82,8610000.0,1550000.0,0.96,8266000.0,2007
UT,28000.0,42,1176000.0,270000.0,1.13,1329000.0,2007
VT,5000.0,64,320000.0,96000.0,1.7,544000.0,2007
VA,6000.0,46,276000.0,63000.0,2.43,671000.0,2007
WA,46000.0,44,2024000.0,648000.0,1.25,2530000.0,2007
WV,6000.0,48,288000.0,95000.0,2.09,602000.0,2007
WI,60000.0,84,5040000.0,3024000.0,1.22,6149000.0,2007
WY,43000.0,80,3440000.0,894000.0,1.0,3440000.0,2007
AL,9000.0,66,594000.0,214000.0,1.9,1129000.0,2008
AZ,25000.0,64,1600000.0,336000.0,1.26,2016000.0,2008
AR,28000.0,75,2100000.0,525000.0,1.35,2835000.0,2008
CA,360000.0,51,18360000.0,4039000.0,1.39,25520000.0,2008
CO,27000.0,45,1215000.0,656000.0,1.51,1835000.0,2008
FL,150000.0,79,11850000.0,1304000.0,1.32,15642000.0,2008
GA,65000.0,71,4615000.0,369000.0,1.52,7015000.0,2008
HI,10000.0,90,900000.0,225000.0,1.59,1431000.0,2008
ID,90000.0,40,3600000.0,1440000.0,1.46,5256000.0,2008
IL,8000.0,56,448000.0,116000.0,2.59,1160000.0,2008
IN,7000.0,67,469000.0,150000.0,1.68,788000.0,2008
IA,24000.0,62,1488000.0,580000.0,1.58,2351000.0,2008
KS,10000.0,61,610000.0,128000.0,1.55,946000.0,2008
KY,4000.0,39,156000.0,27000.0,2.44,381000.0,2008
LA,40000.0,77,3080000.0,493000.0,1.36,4189000.0,2008
ME,7000.0,42,294000.0,79000.0,1.57,462000.0,2008
MI,71000.0,73,5183000.0,2021000.0,1.44,7464000.0,2008
MN,122000.0,78,9516000.0,2569000.0,1.39,13227000.0,2008
MS,14000.0,98,1372000.0,110000.0,1.3,1784000.0,2008
MO,11000.0,53,583000.0,152000.0,1.68,979000.0,2008
MT,134000.0,70,9380000.0,4596000.0,1.37,12851000.0,2008
NE,36000.0,67,2412000.0,1254000.0,1.45,3497000.0,2008
NV,10000.0,29,290000.0,52000.0,1.42,412000.0,2008
NJ,9000.0,40,360000.0,122000.0,1.62,583000.0,2008
NM,6000.0,48,288000.0,95000.0,1.48,426000.0,2008
NY,50000.0,70,3500000.0,1260000.0,1.65,5775000.0,2008
NC,12000.0,52,624000.0,137000.0,2.18,1360000.0,2008
ND,400000.0,90,36000000.0,8640000.0,1.36,48960000.0,2008
OH,14000.0,53,742000.0,371000.0,1.68,1247000.0,2008
OR,50000.0,43,2150000.0,1097000.0,1.41,3032000.0,2008
PA,23000.0,48,1104000.0,276000.0,1.65,1822000.0,2008
SD,225000.0,95,21375000.0,11970000.0,1.34,28643000.0,2008
TN,7000.0,61,427000.0,149000.0,2.09,892000.0,2008
TX,77000.0,64,4928000.0,1380000.0,1.34,6604000.0,2008
UT,28000.0,48,1344000.0,242000.0,1.57,2110000.0,2008
VT,5000.0,66,330000.0,119000.0,2.2,726000.0,2008
VA,6000.0,42,252000.0,45000.0,2.42,610000.0,2008
WA,49000.0,44,2156000.0,862000.0,1.51,3256000.0,2008
WV,6000.0,43,258000.0,49000.0,2.16,557000.0,2008
WI,58000.0,80,4640000.0,2366000.0,1.5,6960000.0,2008
WY,39000.0,61,2379000.0,381000.0,1.37,3259000.0,2008
AL,9000.0,50,450000.0,68000.0,1.86,837000.0,2009
AZ,20000.0,52,1040000.0,562000.0,1.45,1508000.0,2009
AR,24000.0,57,1368000.0,301000.0,1.42,1943000.0,2009
CA,355000.0,33,11715000.0,2109000.0,1.39,16284000.0,2009
CO,28000.0,53,1484000.0,326000.0,1.43,2122000.0,2009
FL,170000.0,68,11560000.0,1618000.0,1.42,16415000.0,2009
GA,65000.0,41,2665000.0,346000.0,1.47,3918000.0,2009
HI,10000.0,95,950000.0,323000.0,1.76,1672000.0,2009
ID,103000.0,46,4738000.0,1706000.0,1.52,7202000.0,2009
IL,8000.0,34,272000.0,57000.0,2.55,694000.0,2009
IN,9000.0,32,288000.0,101000.0,2.02,582000.0,2009
IA,26000.0,42,1092000.0,339000.0,1.6,1747000.0,2009
KS,9000.0,63,567000.0,164000.0,1.85,1049000.0,2009
KY,5000.0,35,175000.0,25000.0,2.71,474000.0,2009
LA,37000.0,103,3811000.0,610000.0,1.36,5183000.0,2009
ME,6000.0,50,300000.0,51000.0,1.95,585000.0,2009
MI,66000.0,60,3960000.0,1505000.0,1.55,6138000.0,2009
MN,122000.0,65,7930000.0,1427000.0,1.44,11419000.0,2009
MS,14000.0,104,1456000.0,87000.0,1.32,1922000.0,2009
MO,11000.0,47,517000.0,57000.0,1.99,1029000.0,2009
MT,146000.0,70,10220000.0,3577000.0,1.46,14921000.0,2009
NE,48000.0,56,2688000.0,1102000.0,1.46,3924000.0,2009
NJ,11000.0,32,352000.0,70000.0,2.36,831000.0,2009
NM,7000.0,60,420000.0,143000.0,1.59,668000.0,2009
NY,45000.0,65,2925000.0,936000.0,1.93,5645000.0,2009
NC,11000.0,45,495000.0,84000.0,2.57,1272000.0,2009
ND,450000.0,77,34650000.0,7623000.0,1.38,47817000.0,2009
OH,11000.0,50,550000.0,132000.0,2.81,1546000.0,2009
OR,55000.0,34,1870000.0,767000.0,1.54,2880000.0,2009
PA,21000.0,40,840000.0,319000.0,2.03,1705000.0,2009
SD,270000.0,66,17820000.0,6237000.0,1.42,25304000.0,2009
TN,7000.0,51,357000.0,86000.0,2.37,846000.0,2009
TX,89000.0,63,5607000.0,1065000.0,1.39,7794000.0,2009
UT,26000.0,38,988000.0,198000.0,1.46,1442000.0,2009
VT,5000.0,49,245000.0,69000.0,2.01,492000.0,2009
VA,6000.0,39,234000.0,56000.0,3.45,807000.0,2009
WA,62000.0,44,2728000.0,1064000.0,1.58,4310000.0,2009
WV,5000.0,37,185000.0,33000.0,2.6,481000.0,2009
WI,63000.0,60,3780000.0,1588000.0,1.58,5972000.0,2009
WY,37000.0,48,1776000.0,391000.0,1.43,2540000.0,2009
AL,9000.0,54,486000.0,73000.0,2.4,1166000.0,2010
AZ,24000.0,77,1848000.0,665000.0,1.52,2809000.0,2010
AR,25000.0,60,1500000.0,360000.0,1.47,2205000.0,2010
CA,410000.0,67,27470000.0,6318000.0,1.55,42579000.0,2010
CO,34000.0,56,1904000.0,533000.0,1.52,2894000.0,2010
FL,200000.0,69,13800000.0,1794000.0,1.56,21528000.0,2010
GA,55000.0,46,2530000.0,152000.0,1.67,4225000.0,2010
HI,10000.0,77,770000.0,239000.0,2.75,2118000.0,2010
ID,97000.0,27,2619000.0,1179000.0,1.61,4217000.0,2010
IL,9000.0,41,369000.0,92000.0,2.78,1026000.0,2010
IN,10000.0,43,430000.0,151000.0,2.23,959000.0,2010
IA,27000.0,49,1323000.0,463000.0,1.92,2540000.0,2010
KS,9000.0,52,468000.0,103000.0,2.02,945000.0,2010
KY,5000.0,67,335000.0,67000.0,2.72,911000.0,2010
LA,36000.0,80,2880000.0,288000.0,1.5,4320000.0,2010
ME,5000.0,41,205000.0,33000.0,2.05,420000.0,2010
MI,71000.0,58,4118000.0,1524000.0,1.67,6877000.0,2010
MN,128000.0,66,8448000.0,1774000.0,1.55,13094000.0,2010
MS,16000.0,98,1568000.0,78000.0,1.44,2258000.0,2010
MO,11000.0,52,572000.0,92000.0,1.8,1030000.0,2010
MT,157000.0,74,11618000.0,2905000.0,1.58,18356000.0,2010
NE,41000.0,55,2255000.0,902000.0,1.51,3405000.0,2010
NJ,13000.0,35,455000.0,73000.0,1.9,865000.0,2010
NM,7000.0,66,462000.0,157000.0,1.58,730000.0,2010
NY,45000.0,64,2880000.0,1123000.0,1.96,5645000.0,2010
NC,13000.0,46,598000.0,144000.0,2.66,1591000.0,2010
ND,510000.0,91,46410000.0,12995000.0,1.5,69615000.0,2010
OH,18000.0,62,1116000.0,346000.0,2.28,2544000.0,2010
OR,59000.0,39,2301000.0,874000.0,1.63,3751000.0,2010
PA,30000.0,37,1110000.0,377000.0,2.13,2364000.0,2010
SD,265000.0,58,15370000.0,4765000.0,1.51,23209000.0,2010
TN,8000.0,63,504000.0,106000.0,2.5,1260000.0,2010
TX,100000.0,72,7200000.0,792000.0,1.51,10872000.0,2010
UT,26000.0,30,780000.0,195000.0,1.53,1193000.0,2010
VT,4000.0,65,260000.0,73000.0,3.1,806000.0,2010
VA,5000.0,37,185000.0,37000.0,3.32,614000.0,2010
WA,71000.0,37,2627000.0,1077000.0,1.57,4124000.0,2010
WV,5000.0,40,200000.0,40000.0,2.39,478000.0,2010
WI,64000.0,64,4096000.0,1556000.0,1.68,6881000.0,2010
WY,34000.0,36,1224000.0,282000.0,1.59,1946000.0,2010
AL,9000.0,50,450000.0,63000.0,2.51,1130000.0,2011
AZ,23000.0,53,1219000.0,427000.0,1.55,1889000.0,2011
AR,22000.0,64,1408000.0,239000.0,1.62,2281000.0,2011
CA,370000.0,48,17760000.0,3730000.0,1.65,29304000.0,2011
CO,31000.0,55,1705000.0,443000.0,2.0,3410000.0,2011
FL,180000.0,61,10980000.0,988000.0,1.68,18446000.0,2011
GA,65000.0,43,2795000.0,196000.0,1.65,4612000.0,2011
HI,9000.0,74,666000.0,246000.0,3.65,2431000.0,2011
ID,87000.0,36,3132000.0,1879000.0,1.78,5575000.0,2011
IL,7000.0,50,350000.0,98000.0,3.9,1365000.0,2011
IN,8000.0,51,408000.0,147000.0,2.14,873000.0,2011
IA,25000.0,62,1550000.0,961000.0,1.96,3038000.0,2011
KS,7000.0,44,308000.0,117000.0,2.15,662000.0,2011
KY,4000.0,39,156000.0,12000.0,3.17,495000.0,2011
LA,36000.0,77,2772000.0,471000.0,1.67,4629000.0,2011
ME,4000.0,30,120000.0,17000.0,1.98,238000.0,2011
MI,74000.0,64,4736000.0,2084000.0,1.81,8572000.0,2011
MN,120000.0,53,6360000.0,2099000.0,1.63,10367000.0,2011
MS,18000.0,115,2070000.0,104000.0,1.53,3167000.0,2011
MO,8000.0,43,344000.0,76000.0,2.14,736000.0,2011
MT,145000.0,92,13340000.0,3202000.0,1.7,22678000.0,2011
NE,41000.0,59,2419000.0,653000.0,1.75,4233000.0,2011
NJ,11000.0,41,451000.0,135000.0,3.7,1669000.0,2011
NM,7000.0,56,392000.0,153000.0,1.69,662000.0,2011
NY,49000.0,56,2744000.0,1235000.0,1.96,5378000.0,2011
NC,14000.0,62,868000.0,95000.0,2.83,2456000.0,2011
ND,460000.0,71,32660000.0,7512000.0,1.67,54542000.0,2011
OH,15000.0,66,990000.0,228000.0,2.34,2317000.0,2011
OR,60000.0,34,2040000.0,755000.0,1.68,3427000.0,2011
PA,24000.0,44,1056000.0,306000.0,2.55,2693000.0,2011
SD,250000.0,66,16500000.0,4290000.0,1.7,28050000.0,2011
TN,7000.0,44,308000.0,68000.0,2.93,902000.0,2011
TX,78000.0,58,4524000.0,633000.0,1.78,8053000.0,2011
UT,23000.0,39,897000.0,170000.0,1.75,1570000.0,2011
VT,4000.0,43,172000.0,43000.0,2.31,397000.0,2011
VA,4000.0,40,160000.0,21000.0,4.07,651000.0,2011
WA,71000.0,38,2698000.0,836000.0,1.93,5207000.0,2011
WV,4000.0,53,212000.0,45000.0,2.57,545000.0,2011
WI,57000.0,63,3591000.0,1508000.0,1.89,6787000.0,2011
WY,35000.0,54,1890000.0,265000.0,1.72,3251000.0,2011
AL,8000.0,54,432000.0,65000.0,2.47,1067000.0,2012
AZ,22000.0,46,1012000.0,253000.0,1.79,1811000.0,2012
AR,25000.0,63,1575000.0,189000.0,1.98,3119000.0,2012
CA,330000.0,35,11550000.0,3119000.0,1.94,22407000.0,2012
CO,25000.0,48,1200000.0,468000.0,2.07,2484000.0,2012
FL,193000.0,64,12352000.0,1235000.0,1.84,22728000.0,2012
GA,59000.0,51,3009000.0,181000.0,1.92,5777000.0,2012
HI,10000.0,75,750000.0,263000.0,4.15,3113000.0,2012
ID,92000.0,32,2944000.0,530000.0,1.63,4799000.0,2012
IL,7000.0,61,427000.0,145000.0,3.55,1516000.0,2012
IN,8000.0,59,472000.0,203000.0,2.54,1199000.0,2012
IA,37000.0,61,2257000.0,1196000.0,2.17,4898000.0,2012
KS,6000.0,55,330000.0,125000.0,2.28,752000.0,2012
KY,5000.0,51,255000.0,41000.0,3.15,803000.0,2012
LA,41000.0,86,3526000.0,141000.0,1.83,6453000.0,2012
ME,4000.0,34,136000.0,24000.0,2.39,325000.0,2012
MI,73000.0,57,4161000.0,1332000.0,2.03,8447000.0,2012
MN,125000.0,67,8375000.0,1591000.0,1.92,16080000.0,2012
MS,18000.0,118,2124000.0,64000.0,1.77,3759000.0,2012
MO,7000.0,53,371000.0,108000.0,2.8,1039000.0,2012
MT,145000.0,52,7540000.0,2413000.0,1.95,14703000.0,2012
NE,43000.0,65,2795000.0,1146000.0,1.93,5394000.0,2012
NJ,14000.0,33,462000.0,51000.0,1.97,910000.0,2012
NM,5000.0,52,260000.0,99000.0,3.39,881000.0,2012
NY,51000.0,51,2601000.0,988000.0,2.23,5800000.0,2012
NC,13000.0,39,507000.0,106000.0,3.76,1906000.0,2012
ND,480000.0,69,33120000.0,5962000.0,1.92,63590000.0,2012
OH,18000.0,60,1080000.0,410000.0,2.46,2657000.0,2012
OR,60000.0,32,1920000.0,845000.0,2.16,4147000.0,2012
PA,16000.0,60,960000.0,269000.0,2.57,2467000.0,2012
SD,260000.0,63,16380000.0,3604000.0,1.95,31941000.0,2012
TN,6000.0,61,366000.0,59000.0,2.93,1072000.0,2012
TX,92000.0,52,4784000.0,718000.0,2.0,9568000.0,2012
UT,25000.0,38,950000.0,209000.0,1.87,1777000.0,2012
VT,4000.0,60,240000.0,53000.0,2.39,574000.0,2012
VA,4000.0,41,164000.0,23000.0,3.77,618000.0,2012
WA,62000.0,41,2542000.0,1017000.0,2.38,6050000.0,2012
WV,6000.0,48,288000.0,95000.0,2.91,838000.0,2012
WI,60000.0,69,4140000.0,1863000.0,2.05,8487000.0,2012
WY,50000.0,51,2550000.0,459000.0,1.87,4769000.0,2012
AL,7000.0,52,364000.0,55000.0,2.81,1023000.0,2013
AZ,29000.0,36,1044000.0,251000.0,1.89,1973000.0,2013
AR,22000.0,60,1320000.0,66000.0,2.01,2653000.0,2013
CA,330000.0,33,10890000.0,2505000.0,2.1,22869000.0,2013
CO,26000.0,43,1118000.0,324000.0,2.1,2348000.0,2013
FL,220000.0,61,13420000.0,1074000.0,2.04,27377000.0,2013
GA,67000.0,50,3350000.0,637000.0,2.24,7504000.0,2013
HI,13000.0,83,1079000.0,65000.0,1.98,2136000.0,2013
ID,83000.0,32,2656000.0,1036000.0,2.01,5339000.0,2013
IL,7000.0,48,336000.0,101000.0,4.15,1394000.0,2013
IN,6000.0,47,282000.0,82000.0,2.67,753000.0,2013
IA,39000.0,48,1872000.0,1217000.0,2.54,4755000.0,2013
KS,6000.0,46,276000.0,39000.0,2.55,704000.0,2013
KY,3000.0,41,123000.0,17000.0,3.02,371000.0,2013
LA,50000.0,98,4900000.0,490000.0,1.83,8967000.0,2013
ME,7000.0,43,301000.0,27000.0,3.03,912000.0,2013
MI,85000.0,55,4675000.0,982000.0,2.13,9958000.0,2013
MN,130000.0,58,7540000.0,1282000.0,1.97,14854000.0,2013
MS,17000.0,116,1972000.0,39000.0,1.85,3648000.0,2013
MO,10000.0,47,470000.0,85000.0,2.53,1189000.0,2013
MT,159000.0,94,14946000.0,5231000.0,2.08,31088000.0,2013
NE,46000.0,60,2760000.0,1628000.0,2.06,5686000.0,2013
NJ,11000.0,44,484000.0,34000.0,3.89,1883000.0,2013
NY,55000.0,48,2640000.0,1030000.0,1.99,5254000.0,2013
NC,10000.0,38,380000.0,84000.0,3.63,1379000.0,2013
ND,480000.0,69,33120000.0,6955000.0,2.04,67565000.0,2013
OH,17000.0,45,765000.0,390000.0,3.21,2456000.0,2013
OR,62000.0,35,2170000.0,456000.0,2.29,4969000.0,2013
PA,13000.0,45,585000.0,257000.0,2.98,1743000.0,2013
SD,265000.0,56,14840000.0,6381000.0,2.06,30570000.0,2013
TN,7000.0,45,315000.0,63000.0,3.58,1128000.0,2013
TX,106000.0,59,6254000.0,1689000.0,2.12,13258000.0,2013
UT,30000.0,34,1020000.0,92000.0,2.07,2111000.0,2013
VT,3000.0,51,153000.0,46000.0,3.31,506000.0,2013
VA,5000.0,35,175000.0,42000.0,4.23,740000.0,2013
WA,69000.0,39,2691000.0,1023000.0,2.21,5947000.0,2013
WV,6000.0,46,276000.0,83000.0,3.56,983000.0,2013
WI,59000.0,60,3540000.0,1558000.0,2.31,8177000.0,2013
WY,47000.0,66,3102000.0,558000.0,2.11,6545000.0,2013
AL,7000.0,53,371000.0,26000.0,3.4,1261000.0,2014
AZ,26000.0,39,1014000.0,193000.0,2.02,2048000.0,2014
AR,21000.0,65,1365000.0,137000.0,2.0,2730000.0,2014
CA,320000.0,39,12480000.0,2995000.0,2.03,25334000.0,2014
CO,27000.0,37,999000.0,200000.0,2.0,1998000.0,2014
FL,245000.0,60,14700000.0,1029000.0,2.08,30576000.0,2014
GA,73000.0,62,4526000.0,362000.0,2.19,9912000.0,2014
HI,15000.0,93,1395000.0,140000.0,2.28,3181000.0,2014
ID,100000.0,34,3400000.0,850000.0,2.03,6902000.0,2014
IL,8000.0,49,392000.0,94000.0,4.41,1729000.0,2014
IN,5000.0,62,310000.0,115000.0,3.24,1004000.0,2014
IA,35000.0,43,1505000.0,933000.0,2.51,3778000.0,2014
KS,7000.0,75,525000.0,84000.0,2.33,1223000.0,2014
KY,5000.0,47,235000.0,56000.0,3.93,924000.0,2014
LA,48000.0,84,4032000.0,524000.0,2.26,9112000.0,2014
ME,8000.0,47,376000.0,41000.0,5.36,2015000.0,2014
MI,91000.0,63,5733000.0,1835000.0,2.5,14333000.0,2014
MN,132000.0,60,7920000.0,1426000.0,2.06,16315000.0,2014
MS,20000.0,112,2240000.0,45000.0,2.01,4502000.0,2014
MO,12000.0,47,564000.0,96000.0,3.57,2013000.0,2014
MT,162000.0,88,14256000.0,5132000.0,2.05,29225000.0,2014
NE,50000.0,75,3750000.0,1688000.0,2.1,7875000.0,2014
NJ,12000.0,30,360000.0,119000.0,2.98,1073000.0,2014
NY,60000.0,55,3300000.0,1518000.0,2.72,8976000.0,2014
NC,12000.0,43,516000.0,88000.0,3.47,1791000.0,2014
ND,490000.0,86,42140000.0,9271000.0,2.0,84280000.0,2014
OH,15000.0,61,915000.0,256000.0,3.52,3221000.0,2014
OR,71000.0,40,2840000.0,767000.0,2.19,6220000.0,2014
PA,17000.0,46,782000.0,203000.0,2.75,2151000.0,2014
SC,9000.0,54,486000.0,19000.0,3.83,1861000.0,2014
SD,280000.0,87,24360000.0,5846000.0,2.09,50912000.0,2014
TN,7000.0,63,441000.0,88000.0,3.23,1424000.0,2014
TX,116000.0,78,9048000.0,2081000.0,2.23,20177000.0,2014
UT,29000.0,28,812000.0,130000.0,2.13,1730000.0,2014
VT,3000.0,58,174000.0,61000.0,5.03,875000.0,2014
VA,6000.0,41,246000.0,57000.0,5.07,1247000.0,2014
WA,68000.0,44,2992000.0,1167000.0,2.48,7420000.0,2014
WV,6000.0,31,186000.0,33000.0,4.04,751000.0,2014
WI,53000.0,54,2862000.0,1030000.0,2.32,6640000.0,2014
WY,38000.0,61,2318000.0,255000.0,2.06,4775000.0,2014
AL,7000.0,47,329000.0,13000.0,3.83,1260000.0,2015
AZ,26000.0,49,1274000.0,306000.0,2.17,2765000.0,2015
AR,24000.0,72,1728000.0,121000.0,2.02,3491000.0,2015
CA,275000.0,30,8250000.0,1485000.0,2.04,16830000.0,2015
CO,29000.0,51,1479000.0,399000.0,2.18,3224000.0,2015
FL,220000.0,54,11880000.0,832000.0,1.97,23404000.0,2015
GA,69000.0,40,2760000.0,221000.0,2.42,6679000.0,2015
HI,14000.0,102,1428000.0,71000.0,1.95,2785000.0,2015
ID,89000.0,32,2848000.0,1082000.0,1.92,5468000.0,2015
IL,8000.0,51,408000.0,155000.0,4.32,1763000.0,2015
IN,6000.0,53,318000.0,165000.0,3.38,1075000.0,2015
IA,36000.0,50,1800000.0,990000.0,2.33,4194000.0,2015
KS,8000.0,36,288000.0,107000.0,3.52,1014000.0,2015
KY,5000.0,46,230000.0,55000.0,3.86,888000.0,2015
LA,44000.0,99,4356000.0,348000.0,1.93,8407000.0,2015
ME,10000.0,47,470000.0,47000.0,5.51,2590000.0,2015
MI,90000.0,58,5220000.0,1984000.0,2.43,12685000.0,2015
MN,122000.0,68,8296000.0,2157000.0,1.83,15182000.0,2015
MS,15000.0,83,1245000.0,87000.0,2.64,3287000.0,2015
MO,10000.0,52,520000.0,52000.0,3.5,1820000.0,2015
MT,146000.0,83,12118000.0,3757000.0,1.94,23509000.0,2015
NE,57000.0,48,2736000.0,1450000.0,2.02,5527000.0,2015
NJ,12000.0,27,324000.0,207000.0,4.2,1361000.0,2015
NY,58000.0,62,3596000.0,899000.0,2.94,10572000.0,2015
NC,12000.0,45,540000.0,103000.0,4.52,2441000.0,2015
ND,490000.0,74,36260000.0,9428000.0,1.8,65268000.0,2015
OH,17000.0,50,850000.0,357000.0,4.08,3468000.0,2015
OR,71000.0,38,2698000.0,809000.0,2.52,6799000.0,2015
PA,17000.0,53,901000.0,225000.0,3.63,3271000.0,2015
SC,14000.0,67,938000.0,38000.0,4.09,3836000.0,2015
SD,290000.0,66,19140000.0,9379000.0,1.79,34261000.0,2015
TN,7000.0,59,413000.0,78000.0,4.07,1681000.0,2015
TX,126000.0,66,8316000.0,1164000.0,2.09,17380000.0,2015
UT,27000.0,42,1134000.0,147000.0,1.93,2189000.0,2015
VT,5000.0,52,260000.0,62000.0,4.23,1100000.0,2015
VA,6000.0,38,228000.0,50000.0,5.67,1293000.0,2015
WA,73000.0,44,3212000.0,1221000.0,1.64,5268000.0,2015
WV,5000.0,35,175000.0,32000.0,4.44,777000.0,2015
WI,52000.0,67,3484000.0,1603000.0,2.41,8396000.0,2015
WY,38000.0,77,2926000.0,146000.0,1.9,5559000.0,2015
AL,7000.0,52,364000.0,33000.0,3.37,1227000.0,2016
AZ,27000.0,46,1242000.0,261000.0,1.99,2472000.0,2016
AR,24000.0,69,1656000.0,99000.0,1.84,3047000.0,2016
CA,310000.0,36,11160000.0,2009000.0,2.0,22320000.0,2016
CO,32000.0,40,1280000.0,282000.0,2.17,2778000.0,2016
FL,215000.0,50,10750000.0,538000.0,2.44,26230000.0,2016
GA,96000.0,39,3744000.0,899000.0,2.69,10071000.0,2016
HI,16000.0,113,1808000.0,127000.0,2.31,4176000.0,2016
ID,97000.0,34,3298000.0,1253000.0,1.72,5673000.0,2016
IL,10000.0,48,480000.0,77000.0,5.39,2587000.0,2016
IN,7000.0,62,434000.0,208000.0,3.36,1458000.0,2016
IA,37000.0,48,1776000.0,746000.0,2.07,3676000.0,2016
KS,7000.0,48,336000.0,54000.0,2.97,998000.0,2016
KY,5000.0,46,230000.0,48000.0,4.02,925000.0,2016
LA,50000.0,86,4300000.0,301000.0,1.93,8299000.0,2016
ME,12000.0,34,408000.0,65000.0,3.21,1310000.0,2016
MI,89000.0,60,5340000.0,1709000.0,2.25,12015000.0,2016
MN,124000.0,59,7316000.0,1390000.0,1.64,11998000.0,2016
MS,19000.0,85,1615000.0,113000.0,1.74,2810000.0,2016
MO,8000.0,62,496000.0,30000.0,2.18,1081000.0,2016
MT,159000.0,77,12243000.0,3183000.0,1.75,21425000.0,2016
NE,48000.0,46,2208000.0,640000.0,1.88,4151000.0,2016
NJ,12000.0,27,324000.0,198000.0,6.69,2168000.0,2016
NY,64000.0,57,3648000.0,1167000.0,3.2,11674000.0,2016
NC,12000.0,37,444000.0,89000.0,4.61,2047000.0,2016
ND,485000.0,78,37830000.0,6809000.0,1.73,65446000.0,2016
OH,15000.0,79,1185000.0,664000.0,3.84,4550000.0,2016
OR,74000.0,35,2590000.0,622000.0,2.06,5335000.0,2016
PA,19000.0,50,950000.0,266000.0,3.15,2993000.0,2016
SC,16000.0,45,720000.0,36000.0,4.5,3240000.0,2016
SD,280000.0,71,19880000.0,12127000.0,1.74,34591000.0,2016
TN,6000.0,55,330000.0,69000.0,4.78,1577000.0,2016
TX,133000.0,70,9310000.0,2607000.0,1.96,18248000.0,2016
UT,31000.0,32,992000.0,169000.0,1.91,1895000.0,2016
VT,6000.0,52,312000.0,69000.0,2.82,880000.0,2016
VA,5000.0,38,190000.0,30000.0,5.82,1106000.0,2016
WA,84000.0,35,2940000.0,412000.0,1.88,5527000.0,2016
WV,5000.0,32,160000.0,43000.0,3.73,597000.0,2016
WI,54000.0,62,3348000.0,1205000.0,2.44,8169000.0,2016
WY,40000.0,68,2720000.0,190000.0,1.76,4787000.0,2016
AL,7000.0,45,315000.0,22000.0,2.77,873000.0,2017
AZ,22000.0,40,880000.0,97000.0,1.96,1725000.0,2017
AR,29000.0,77,2233000.0,223000.0,1.91,4265000.0,2017
CA,335000.0,41,13735000.0,2198000.0,2.09,28706000.0,2017
CO,33000.0,43,1419000.0,284000.0,2.06,2923000.0,2017
FL,205000.0,43,8815000.0,529000.0,2.4,21156000.0,2017
GA,99000.0,32,3168000.0,190000.0,2.96,9377000.0,2017
HI,12000.0,131,1572000.0,16000.0,1.51,2374000.0,2017
ID,95000.0,44,4180000.0,1045000.0,1.79,7482000.0,2017
IL,11000.0,46,506000.0,167000.0,4.76,2409000.0,2017
IN,7000.0,48,336000.0,128000.0,3.94,1324000.0,2017
IA,35000.0,58,2030000.0,1035000.0,2.22,4507000.0,2017
KS,7000.0,79,553000.0,260000.0,4.18,2312000.0,2017
KY,5000.0,38,190000.0,42000.0,4.08,775000.0,2017
LA,43000.0,81,3483000.0,279000.0,1.88,6548000.0,2017
ME,12000.0,33,396000.0,51000.0,5.45,2158000.0,2017
MI,87000.0,45,3915000.0,822000.0,2.41,9435000.0,2017
MN,126000.0,62,7812000.0,1016000.0,1.86,14530000.0,2017
MS,13000.0,80,1040000.0,83000.0,1.81,1882000.0,2017
MO,8000.0,65,520000.0,57000.0,3.53,1836000.0,2017
MT,145000.0,72,10440000.0,2506000.0,2.3,24012000.0,2017
NE,42000.0,63,2646000.0,423000.0,1.99,5266000.0,2017
NJ,13000.0,28,364000.0,167000.0,7.86,2861000.0,2017
NY,57000.0,56,3192000.0,766000.0,3.01,9608000.0,2017
NC,11000.0,41,451000.0,99000.0,4.34,1957000.0,2017
ND,455000.0,74,33670000.0,4377000.0,1.89,63636000.0,2017
OH,15000.0,73,1095000.0,657000.0,3.12,3416000.0,2017
OR,78000.0,40,3120000.0,998000.0,1.89,5897000.0,2017
PA,16000.0,46,736000.0,177000.0,3.4,2502000.0,2017
SC,16000.0,34,544000.0,27000.0,3.06,1665000.0,2017
SD,255000.0,57,14535000.0,6541000.0,1.91,27762000.0,2017
TN,7000.0,41,287000.0,75000.0,4.68,1343000.0,2017
TX,120000.0,66,7920000.0,2297000.0,2.11,16711000.0,2017
UT,27000.0,31,837000.0,67000.0,2.06,1724000.0,2017
VT,7000.0,45,315000.0,120000.0,4.17,1314000.0,2017
VA,5000.0,35,175000.0,39000.0,5.73,1003000.0,2017
WA,77000.0,45,3465000.0,1594000.0,2.25,7796000.0,2017
WV,6000.0,40,240000.0,50000.0,3.85,924000.0,2017
WI,53000.0,56,2968000.0,683000.0,2.77,8221000.0,2017
WY,39000.0,53,2067000.0,186000.0,1.59,3287000.0,2017
AL,6000.0,45,270000.0,14000.0,3.57,964000.0,2018
AZ,24000.0,38,912000.0,109000.0,2.82,2572000.0,2018
AR,28000.0,50,1400000.0,84000.0,1.87,2618000.0,2018
CA,335000.0,41,13735000.0,3022000.0,2.06,28294000.0,2018
CO,31000.0,48,1488000.0,283000.0,2.02,3006000.0,2018
FL,215000.0,49,10535000.0,737000.0,2.4,25284000.0,2018
GA,98000.0,34,3332000.0,200000.0,2.79,9296000.0,2018
HI,17000.0,103,1751000.0,18000.0,1.83,3204000.0,2018
ID,96000.0,31,2976000.0,655000.0,1.96,5833000.0,2018
IL,11000.0,41,451000.0,108000.0,5.01,2260000.0,2018
IN,7000.0,46,322000.0,106000.0,3.75,1208000.0,2018
IA,38000.0,49,1862000.0,1005000.0,2.35,4376000.0,2018
KS,5000.0,73,365000.0,95000.0,3.0,1095000.0,2018
KY,4000.0,41,164000.0,34000.0,5.42,889000.0,2018
LA,45000.0,83,3735000.0,261000.0,1.9,7097000.0,2018
ME,12000.0,32,384000.0,92000.0,2.68,1029000.0,2018
MI,92000.0,44,4048000.0,729000.0,2.37,9594000.0,2018
MN,119000.0,61,7259000.0,1161000.0,1.88,13647000.0,2018
MS,20000.0,87,1740000.0,70000.0,2.05,3567000.0,2018
MO,9000.0,45,405000.0,36000.0,2.58,1045000.0,2018
MT,160000.0,92,14720000.0,3680000.0,1.92,28262000.0,2018
NE,40000.0,59,2360000.0,850000.0,1.99,4696000.0,2018
NJ,13000.0,31,403000.0,165000.0,7.35,2962000.0,2018
NY,56000.0,48,2688000.0,833000.0,3.34,8978000.0,2018
NC,10000.0,33,330000.0,63000.0,5.55,1832000.0,2018
ND,530000.0,72,38160000.0,4579000.0,1.88,71741000.0,2018
OH,14000.0,73,1022000.0,491000.0,3.61,3689000.0,2018
OR,93000.0,35,3255000.0,1009000.0,2.22,7226000.0,2018
PA,19000.0,44,836000.0,309000.0,3.73,3118000.0,2018
SC,16000.0,48,768000.0,15000.0,3.04,2335000.0,2018
SD,255000.0,47,11985000.0,5154000.0,1.98,23730000.0,2018
TN,7000.0,46,322000.0,84000.0,3.99,1285000.0,2018
TX,132000.0,56,7392000.0,1035000.0,2.06,15228000.0,2018
UT,26000.0,41,1066000.0,75000.0,2.09,2228000.0,2018
VT,7000.0,48,336000.0,94000.0,3.66,1230000.0,2018
VA,4000.0,40,160000.0,35000.0,6.83,1093000.0,2018
WA,77000.0,43,3311000.0,563000.0,2.11,6986000.0,2018
WV,6000.0,37,222000.0,38000.0,4.16,924000.0,2018
WI,51000.0,45,2295000.0,711000.0,2.76,6334000.0,2018
WY,39000.0,56,2184000.0,175000.0,1.89,4128000.0,2018
AL,7000.0,42,294000.0,44000.0,3.2,941000.0,2019
AZ,23000.0,46,1058000.0,201000.0,1.97,2084000.0,2019
AR,20000.0,55,1100000.0,176000.0,1.53,1683000.0,2019
CA,335000.0,48,16080000.0,3216000.0,1.56,25085000.0,2019
CO,32000.0,46,1472000.0,500000.0,2.14,3150000.0,2019
FL,205000.0,45,9225000.0,830000.0,2.48,22878000.0,2019
GA,102000.0,33,3366000.0,370000.0,2.61,8785000.0,2019
HI,16000.0,80,1280000.0,51000.0,1.28,1638000.0,2019
ID,92000.0,32,2944000.0,677000.0,1.67,4916000.0,2019
IL,11000.0,39,429000.0,116000.0,4.31,1849000.0,2019
IN,9000.0,55,495000.0,198000.0,3.95,1955000.0,2019
IA,38000.0,55,2090000.0,1170000.0,2.24,4682000.0,2019
KS,7000.0,79,553000.0,171000.0,2.95,1631000.0,2019
KY,6000.0,41,246000.0,44000.0,4.5,1107000.0,2019
LA,54000.0,72,3888000.0,428000.0,2.04,7932000.0,2019
ME,15000.0,35,525000.0,110000.0,2.92,1533000.0,2019
MI,94000.0,50,4700000.0,1363000.0,2.36,11092000.0,2019
MN,118000.0,59,6962000.0,3063000.0,1.63,11348000.0,2019
MS,22000.0,80,1760000.0,141000.0,1.85,3256000.0,2019
MO,10000.0,43,430000.0,73000.0,3.32,1428000.0,2019
MT,173000.0,86,14878000.0,5802000.0,1.48,22019000.0,2019
NE,39000.0,52,2028000.0,223000.0,1.46,2961000.0,2019
NJ,15000.0,28,420000.0,155000.0,3.33,1399000.0,2019
NY,59000.0,58,3422000.0,1027000.0,4.49,15365000.0,2019
NC,14000.0,42,588000.0,118000.0,4.06,2387000.0,2019
ND,520000.0,65,33800000.0,6422000.0,1.4,47320000.0,2019
OH,15000.0,67,1005000.0,442000.0,3.42,3437000.0,2019
OR,87000.0,32,2784000.0,1141000.0,2.07,5763000.0,2019
PA,19000.0,50,950000.0,409000.0,4.24,4028000.0,2019
SC,16000.0,47,752000.0,45000.0,5.01,3768000.0,2019
SD,270000.0,72,19440000.0,7582000.0,1.53,29743000.0,2019
TN,8000.0,57,456000.0,91000.0,4.65,2120000.0,2019
TX,126000.0,60,7560000.0,1814000.0,2.3,17388000.0,2019
UT,22000.0,29,638000.0,89000.0,2.06,1314000.0,2019
VT,6000.0,48,288000.0,84000.0,4.34,1250000.0,2019
VA,5000.0,39,195000.0,49000.0,7.51,1464000.0,2019
WA,81000.0,35,2835000.0,1191000.0,2.12,6010000.0,2019
WV,6000.0,37,222000.0,47000.0,4.5,999000.0,2019
WI,46000.0,47,2162000.0,692000.0,2.99,6464000.0,2019
WY,39000.0,56,2184000.0,306000.0,1.35,2948000.0,2019
